000000000000000000110010100000,000000000000000000000000000001,textures/common/caulk
000000000000000000000000000000,000000000000000000000000000001,textures/eden/base_03
000000000000000000000000000000,000000000000000000000000000001,noshader
000000000000000000000000000000,000000000000000000000000000001,textures/eden/panel_s
000000000000000000000000000000,000000000000000000000000000001,textures/eden/e8warning128
000000000000000000000000000000,000000000000000000000000000001,textures/eden/flat_dk
000000000000000000000000000000,000000000000000000000000000001,textures/eden/ship_tex
000000000000000000000000000000,000000000000000000000000000001,textures/eden/u_gr8_4
000000000000000000000000000000,000000000000000000000000000001,textures/eden/e6cyb0rpipes
000000000000000000000000000000,000000000000000000000000000001,textures/eden/e8support06b
000000000000000000000000000000,000000000000000000000000000001,textures/eden/e8wrntrim
000000000000000000000000000000,000000000000000000000000000001,textures/eden/u_support2
000000000000000000000000000000,000000000000000000000000000001,textures/eden/mtl_rst
000000000000000000000000000000,000000000000000000000000000001,textures/eden/alarm-box
000000000000000000000000000000,000000000000000000000000000001,textures/eden/object004
000000000000000000000000000000,000000000000000000000000000001,textures/eden/e8bolttrimb
000000000000000000000000000000,000000000000000000000000000001,textures/eden/u_45deg128
000000000000000000000000000000,000000000000000000000000000001,textures/eden/pewter
000000000000000000000000000000,000000000000000000000000000001,textures/eden/concrete-pit-rows
000000000000000000000000000000,000000000000000000000000000001,textures/eden/t-flroddtiledrty
000000000000000000000000000000,000000000000000000000000000001,textures/eden/e8support06c
000000000000000000000000100000,000000000000000000000000000001,textures/eden/cubelight_32_blue_s_10k
000000000000000000000000000000,000000000000000000000000000001,textures/eden/e6metalfan_s2
000000000000000000000000000000,000000000000000000000000000001,textures/eden/wal12r2_a
000000000000000000000000000000,000000000000000000000000000001,textures/eden/r_trim_17
000000000000000000000000000000,000000000000000000000000000001,textures/eden/ecrate_drty
000000000000000000000000000000,100000000000000000000000000001,textures/eden/plexiglass
000000000000000000000000000000,000000000000000000000000000001,textures/eden/metal-red
000000000000000000110000100000,000000000000000000000000000001,textures/eden/bulb_white_s
000000000000000100000000000000,000000000000000000000000000000,textures/eden/grey_hose_s
000000000000000000000000100000,100000000000000000000000000001,textures/eden/u_gr8_1
000000000000000000000000000000,000000000000000000000000000001,textures/eden/e8warning128_blue
000000000000000000000000000000,000000000000000000000000000001,textures/eden/e8_btrim03b
000000000000000000000000000000,000000000000000000000000000001,textures/eden/base_01
000000000000000000000000000000,000000000000000000000000000001,textures/eden/dirt_phong
000000000000000000000000000000,000000000000000000000000000001,textures/eden/e8support05
000000000000000000000000000000,000000000000000000000000000001,textures/eden/u_floor_gr8
000000000000000000000000000000,000000000000000000000000000001,textures/eden/seriouslyfuckedmetal
000000000000000001000000100000,100000000000000000000000000001,textures/eden/e6bsegrtflr256_s
000000000000000000000000000000,000000000000000000000000000001,textures/eden/base_02
000000000000000100000000110000,100000000000010000000000000000,textures/eden/proto_fence
000000000000000000000000000000,000000000000000000000000000001,textures/eden/blue-cover2_l1_1a
000000000000000100110000000000,000000000000000000000000000000,textures/eden/proto_zzztblu3
000000000000000000000000000000,000000000000000000000000000001,textures/eden/oval_panel_1
000000000000000000000000000000,000000000000000000000000000001,textures/eden/metal_panels
000000000000000000000000000000,000000000000000000000000000001,textures/eden/controlpanel2
000000000000000000110000100000,000000000000000000000000000001,textures/eden/bulb_red_s
000000000000000000000000000000,000000000000000000000000000001,textures/eden/locker_128_256
000000000000000000000000000000,000000000000000000000000000001,textures/eden/locker_1x3_side
000000000000000000000000000000,000000000000000000000000000001,textures/eden/locker_top
000000000000000000000000000000,000000000000000000000000000001,textures/eden/crate01_top
000000000000000000000000000000,000000000000000000000000000001,textures/eden/crate01_side
000000000000000000000000000000,000000000000000000000000000001,textures/eden/crate01_front
000000000000100000000000100000,000000000000000000000000000001,textures/eden/u_lamp4_or
000000000000000100110010110000,100000000000010000000000000000,textures/common/playerclip
000000000000000100110010100000,100000000000000100000000000000,textures/common-trem/nobuild
000000000000000100110010111000,100000000000010000000000000000,textures/medusa/ladder
000000000000000000000000000000,000000000000000000000000000001,textures/eden/barrel_rst_sign3
000000000000000100000000000000,000000000000000000000000000000,textures/eden/green_hose_s
000000000000000000000000000000,000000000000000000000000000001,textures/eden/chrome
000000000000000100000000010000,100000000000000000000000000000,textures/eden/edenlogo1
000000000000000000000000000000,000000000000000000000000000001,textures/eden/nametag
000000000000000000000000000000,000000000000000000000000000001,textures/eden/rust_2
000000000000000000000000000000,000000000000000000000000000001,textures/eden/rust_1
000000000000000100000000010000,100000000000000000000000000000,textures/eden/sox_propaganda
000000000000000100000000010000,100000000000000000000000000000,textures/eden/incubators2
000000000000000000000000000000,000000000000000000000000000001,models/weapons/blaster/blaster
000000000000000000000000000000,000000000000000000000000000001,models/mapobjects/cn_trees/liveoak
000000000000000000000000000000,000000000000000000000000000001,models/mapobjects/cn_trees/liveoakbark
000000000000000000000000000000,000000000000000000000000000001,models/mapobjects/skel/skel
000000000000000000000000000000,000000000000000000000000000001,models/mapobjects/q1_fish/fish
000000000000000000000000000000,000000000000000000000000000001,models/mapobjects/multiplant/leaf1
000000000000000000000000000000,000000000000000000000000000001,models/mapobjects/multiplant/leaf2
000000000000000000000000000000,000000000000000000000000000001,models/mapobjects/multiplant/leaf3
000000000000000000000000000000,000000000000000000000000000001,models/mapobjects/qkq_cigs/marlboro
000000000000000000000010000000,000000000000000000000000000001,textures/common/trigger
